Date,Type,Lat,Long,Region,Text
2001-06-21,Total,-11.3,2.7,South Atlantic Ocean,"2001-06-21:: Total: Angola, Zambia, Zimbabwe, Mozambique and Madagascar; Partial: South America, Africa"
2001-12-14,Annular,0.6,-130.7,North Pacific Ocean,"2001-12-14:: Annular: Nicaragua and Costa Rica; Partial: North and Central America, northwestern South America, Hawaii"
2002-06-10,Annular,34.5,-178.6,North Pacific Ocean,"2002-06-10:: Annular: Manado, Indonesia, Guam, Northern Mariana Islands, and Puerto Vallarta, Mexico; Partial: eastern Asia, northeastern Australia, North America, Hawaii"
2002-12-04,Total,-39.5,59.6,Indian Ocean,"2002-12-04:: Total: Angola, Botswana, Zimbabwe, South Africa, Mozambique and South Australia; Partial: Africa, Antarctica, Indonesia, Australia"
2003-05-31,Annular,66.6,-24.5,Arctic Ocean,"2003-05-31:: Annular: Greenland, Iceland, northeastern Scotland, Faroe Islands, Shetland Islands; Partial: Eastern Europe, northern and western Asia, Middle East, Alaska, Greenland and northwestern Canada"
2003-11-23,Total,-72.7,88.4,Antarctica,"2003-11-23:: Total: East Antarctica; Partial: Australia, New Zealand, Antarctica, southern Chile and Argentina"
2004-04-19,Partial,-61.6,44.3,Antarctic Ocean,"2004-04-19:: Partial: Antarctic Peninsula, east Antarctica, southern Africa"
2004-10-14,Partial,61.2,-153.7,North America,"2004-10-14:: Partial: eastern Russia, Mongolia, Northeastern China, Korea, Japan, Hawaii, western Alaska"
2005-04-08,Hybrid,-10.6,-119,South Pacific Ocean,"2005-04-08:: Hybrid: Venezuela, Colombia, Panama, southeastern French Polynesia, Bounty Islands; Partial: Pacific, Mexico, Central America, Caribbean, western South America, New Zealand, West Antarctica"
2005-10-03,Annular,12.9,28.7,Africa,"2005-10-03:: Annular: Portugal, Spain, Algeria, Tunisia, Libya, Chad, Sudan, Kenya and Somalia; Partial: Africa, Europe, Western Asia, Middle East and India Pakistan"
2006-03-29,Total,23.2,16.7,Africa,"2006-03-29:: Total: Brazil, Ghana, Togo, Benin, Nigeria, Niger, Libya, northwest Egypt, Turkey, Georgia, southwestern Russia and Kazakhstan; Partial: North Africa, Central Africa, eastern Brazil, Central Asia, Middle East, India Pakistan and Europe"
2006-09-22,Annular,-20.6,-9.1,South Atlantic Ocean,"2006-09-22:: Annular: Guyana, Suriname and French Guiana; Partial: South America, West Africa, Southern Africa, Antarctic Peninsula, east Antarctica"
2007-03-19,Partial,61,55.5,Asia,"2007-03-19:: Partial: Asia, western Alaska"
2007-09-11,Partial,-61,-90.2,Antarctic Ocean,"2007-09-11:: Partial: Central and Southern South America, Antarctic Peninsula, east Antarctica, south Atlantic"
2008-02-07,Annular,-67.6,-150.5,Antarctic Ocean,"2008-02-07:: Annular: West Antarctica; Partial: Antarctica, southeastern Australia, New Zealand, southeastern Melanesia, southeastern Micronesia, southeastern Polynesia"
2008-08-01,Total,65.7,72.3,Asia,"2008-08-01:: Total: Nunavut, northern Greenland, central Russia, western Mongolia, western China; Partial: Nova Scotia, PEI, New Brunswick, Quebec, Nunavut, Greenland, northern Europe, Asia"
2009-01-26,Annular,-34.1,70.2,Indian Ocean,"2009-01-26:: Annular: southeast Sumatra, Jakarta and Borneo; Partial: Southern Africa, east Antarctica, South East Asia, Philippines, Australia"
2009-07-22,Total,24.2,144.1,North Pacific Ocean,"2009-07-22:: Total: central and northeastern Pakistan India, Bhutan, Bangladesh, Myanmar, China, northern part of the Ryukyu Islands (Satsunan); Partial: Southeast Asia, Japan, South Korea, the Philippines, Indonesia, Central Pacific Ocean area and its islands"
2010-01-15,Annular,1.6,69.3,Indian Ocean,"2010-01-15:: Annular: Central African Republic, Democratic Republic of the Congo, Uganda, Maldives, southeastern India, Pakistan, Sri Lanka, Myanmar, central China; Partial: Africa, Southeastern Europe, Middle East, Asia"
2010-07-11,Total,-19.7,-121.9,South Pacific Ocean,"2010-07-11:: Total: Southern Chile and Argentina, Southeastern Polynesia; Partial: southwestern South America, French Polynesia, Hawaii"
2011-01-04,Partial,64.7,20.8,Europe,"2011-01-04:: Partial: Europe, Northern Africa, Central Asia, Middle East"
2011-06-01,Partial,67.8,46.8,Arctic Ocean,"2011-06-01:: Partial: Iceland, northern Canada, Alaska, northeastern Asia, Greenland, northern Scandinavia"
2011-07-01,Partial,-65.2,28.6,Antarctic Ocean,2011-07-01:: Partial: Southern Indian Ocean near Antarctica
2011-11-25,Partial,-68.6,-82.4,Antarctic Ocean,"2011-11-25:: Partial: Southwestern South Africa, Antarctica, Tasmania, New Zealand"
2012-05-20,Annular,49.1,176.3,North Pacific Ocean,"2012-05-20:: Annular: Southern China, Hong Kong, Macau, Kyushu, Shikoku, southern Honshu, Tokyo, Oregon, California, Nevada, Utah, Arizona, New Mexico, Texas; Partial: Pacific, eastern Asia, North America, Hawaii"
2012-11-13,Total,-40,-161.3,South Pacific Ocean,"2012-11-13:: Total: Arnhem Land and central Cape York Peninsula, Australia, Kermadec Islands, New Zealand; Partial: Australia, New Zealand, Melanesia, Southeastern South America, Southern Pacific, Polynesia, Antarctic Peninsula, West Antarctica, Talos Dome"
2013-05-10,Annular,2.2,175.5,North Pacific Ocean,"2013-05-10:: Annular: Western Australia, Northern Territory and Queensland, Australia, Louisiade Archipelago, Solomon Islands, Kiribati; Partial: Australia, New Zealand, Central Pacific, Hawaii, Indonesia"
2013-11-03,Hybrid,3.5,-11.7,North Atlantic Ocean,"2013-11-03:: Hybrid: Gabon, Republic of the Congo, Democratic Republic of the Congo, Uganda, Kenya, Ethiopia; Partial: Eastern America, Eastern Canada, Caribbean, Eastern South America, South Europe, Africa"
2014-04-29,Annular,-70.6,131.3,Antarctica,"2014-04-29:: Annular: western Wilkes LandPartial: South Indian Ocean, Australia, east Antarctica"
2014-10-23,Partial,71.2,-97.2,Arctic Ocean,"2014-10-23:: Partial: Northern Pacific, North America, Mexico, Eastern Russia"
2015-03-20,Total,64.4,-6.6,North Atlantic Ocean,"2015-03-20:: Total: Faroe Islands, Svalbard, North Atlantic, North Pole; Partial: Greenland, Europe, Central Asia, Western Russia"
2015-09-13,Partial,-72.1,-2.3,Antarctica,"2015-09-13:: Partial: Southern Africa, South Indian Ocean, east Antarctica"
2016-03-09,Total,10.1,148.8,North Pacific Ocean,"2016-03-09:: Total: Indonesia, Micronesia, Marshall Islands; Partial: Southeastern Asia, Korea, Japan, Eastern Russia, Alaska, northwestern Australia, Hawaii, Pacific"
2016-09-01,Annular,-10.7,37.8,Africa,"2016-09-01:: Annular: Atlantic, Central Africa, Madagascar, Indian; Partial: Africa, Indian Ocean"
2017-02-26,Annular,-34.7,-31.2,South Atlantic Ocean,"2017-02-26:: Annular: southern Chile and Argentina, Angola, southwestern Katanga; Partial: Southern and Western Africa, Southern South America, Antarctica"
2017-08-21,Total,37,-87.7,North America,"2017-08-21:: Total: Oregon, Idaho, Wyoming, Nebraska, northeastern Kansas, Missouri, Southern Illinois, Western Kentucky, Tennessee, Southwestern North Carolina, northeastern Georgia, South Carolina; Partial: North America, Hawaii, Greenland, Iceland, British Isles, Portugal, Central America, Caribbean, northern South America, Chukchi Peninsula"
2018-02-15,Partial,-71,0.6,Antarctic Ocean,"2018-02-15:: Partial: Antarctica, Southern South America"
2018-07-13,Partial,-67.9,127.4,Antarctica,"2018-07-13:: Partial: South Australia, Victoria, Tasmania, Indian Ocean, Budd Coast"
2018-08-11,Partial,70.4,174.5,Arctic Ocean,"2018-08-11:: Partial: Northeastern Canada, Greenland, Iceland, Arctic Ocean, Scandinavia, northern British Isles, Russia, northern Asia"
2019-01-06,Partial,67.4,153.6,Asia,"2019-01-06:: Partial: Northeastern Asia, Southwestern Alaska, Aleutian Islands"
2019-07-02,Total,-17.4,-109,South Pacific Ocean,"2019-07-02:: Total: Pitcairn Islands, central Argentina and Chile, Tuamotu Archipelago; Partial: South America, Easter Island, Galapagos Islands, Southern Central America, Polynesia"
2019-12-26,Annular,1,102.3,North Pacific Ocean,"2019-12-26:: Annular: northeastern Pakistan Saudi Arabia, Bahrain, Qatar, United Arab Emirates, Oman, Lakshadweep, Southern India, Sri Lanka, northern Sumatra, southern Malaysia, Singapore, Borneo, central Indonesia, Palau, Micronesia, Guam; Partial: Asia, Western Melanesia, northwestern Australia, Middle East, East Africa"
2020-06-21,Annular,30.5,79.7,Asia,"2020-06-21:: Annular: Democratic Republic of the Congo, Sudan, Ethiopia, Eritrea, Yemen, Empty Quarter, Oman, southern Pakistan, northern India, New Delhi, Tibet, southern China, Chongqing, Taiwan; Partial: Asia, Southeastern Europe, Africa, Middle East, West Melanesia, Western Australia, Northern Territory, Cape York Peninsula"
2020-12-14,Total,-40.3,-67.9,South America,"2020-12-14:: Total: Southern Chile and Argentina, Kiribati, Polynesia; Partial: Central and Southern South America, Southwest Africa, Antarctic Peninsula, Ellsworth Land, Western Queen Maud Land"
2021-06-10,Annular,80.8,-66.8,Arctic Ocean,"2021-06-10:: Annular: Northern Canada, Greenland, Russia; Partial: Northern North America, Europe, Asia"
2021-12-04,Total,-76.8,-46.2,Antarctic Ocean,"2021-12-04:: Total: Antarctica; Partial: South Africa, South Atlantic"
2022-04-30,Partial,-62.1,-71.5,Antarctic Ocean,"2022-04-30:: Partial: Southeast Pacific, Southern South America"
2022-10-25,Partial,61.6,77.4,Asia,"2022-10-25:: Partial: Europe, northeast Africa, Mid East, West Asia"
2023-04-20,Hybrid,-9.6,125.8,Indian Ocean,"2023-04-20:: Hybrid: Indonesia, Australia, Papua New Guinea; Partial: Southeast Asia, East Indies, Philippines, New Zealand"
2023-10-14,Annular,11.4,-83.1,North Atlantic Ocean,"2023-10-14:: Annular: Western United States, Central America, Colombia, Brazil; Partial: North America, Central America, South America"
2024-04-08,Total,25.3,-104.1,North America,"2024-04-08:: Total: Mexico, central and northeastern United States, East Canada; Partial: North America, Central America"
2024-10-02,Annular,-22,-114.5,South Pacific Ocean,"2024-10-02:: Annular: Southern Chile, Southern Argentina; Partial: Pacific, Southern South America"
2025-03-29,Partial,61.1,-77.1,North America,"2025-03-29:: Partial: Northwest Africa, Europe, northern Russia"
2025-09-21,Partial,-60.9,153.5,Antarctic Ocean,"2025-09-21:: Partial: South Pacific, New Zealand, Antarctica"
2026-02-17,Annular,-64.7,86.8,Antarctic Ocean,"2026-02-17:: Annular: Antarctica; Partial: South Argentina, Chile, South Africa, Antarctica"
2026-08-12,Total,65.2,-25.2,North Atlantic Ocean,"2026-08-12:: Total: Arctic, Greenland, Iceland, Spain, Northeastern Portugal; Partial: Northern North America, Western Africa, Europe"
2027-02-06,Annular,-31.3,-48.5,South Atlantic Ocean,"2027-02-06:: Annular: Chile, Argentina, Atlantic; Partial: South America, Antarctica, West and South Africa"
2027-08-02,Total,25.5,33.2,Africa,"2027-08-02:: Total: Morocco, Spain, Algeria, Tunisia, Libya, Egypt, Saudi Arabia, Yemen, Somalia; Partial: Africa, Europe, Mid East, West and South Asia"
2028-01-26,Annular,3,-51.5,South America,"2028-01-26:: Annular: Ecuador, Peru, Brazil, Suriname, Spain, Portugal; Partial: Eastern North America, Central and South America, Western Europe, northwest Africa"
2028-07-22,Total,-15.6,126.7,Australia,"2028-07-22:: Total: Australia, New Zealand; Partial: Southeast Asia, East Indies"
2029-01-14,Partial,63.7,-114.2,North America,"2029-01-14:: Partial: North America, Central America"
2029-06-12,Partial,66.8,-66.2,North America,"2029-06-12:: Partial: Arctic, Scandinavia, Alaska, northern Asia, northern Canada"
2029-07-11,Partial,-64.3,-85.6,Antarctic Ocean,"2029-07-11:: Partial: Southern Chile, Southern Argentina"
2029-12-05,Partial,-67.5,135.7,Antarctica,"2029-12-05:: Partial: Southern Argentina, Southern Chile, Antarctica"
2030-06-01,Annular,56.5,80.1,Asia,"2030-06-01:: Annular: Algeria, Tunisia, Greece, Turkey, Russia, northern China, Japan; Partial: Europe, Northern Africa, Mid East, Asia, Arctic, Alaska"
2030-11-25,Total,-43.6,71.2,Indian Ocean,"2030-11-25:: Total: Botswana, South Africa, Australia; Partial: South Africa, Southern Indian Ocean, East Indies, Australia, Antarctica"
2031-05-21,Annular,8.9,71.7,Indian Ocean,"2031-05-21:: Annular: Angola, Republic of the Congo, Zambia, Tanzania, south Indian Ocean, Malaysia, Borneo, Indonesia; Partial: Africa, south Asia, East Indies, Australia"
2031-11-14,Hybrid,-0.6,-137.6,South Pacific Ocean,"2031-11-14:: Hybrid: Pacific, Panama; Partial: south United States, Central America, northwest South America"
2032-05-09,Annular,-51.3,-7.1,South Atlantic Ocean,"2032-05-09:: Annular: south Atlantic; Partial: south South America, South Africa"
2032-11-03,Partial,70.4,132.6,Asia,2032-11-03:: Partial: Asia
2033-03-30,Total,71.3,-155.8,Arctic Ocean,"2033-03-30:: Total: east Russia, Alaska; Partial: North America"
2033-09-23,Partial,-72.2,-121.2,Antarctic Ocean,"2033-09-23:: Partial: south South America, Antarctica"
2034-03-20,Total,16.1,22.2,Africa,"2034-03-20:: Total: Nigeria, Cameroon, Chad, Sudan, Egypt, Saudi Arabia, Iran, Afghanistan, Pakistan, India, China; Partial: Africa, Europe, west Asia"
2034-09-12,Annular,-18.2,-72.6,South Pacific Ocean,"2034-09-12:: Annular: Chile, Bolivia, Argentina, Paraguay, Brazil; Partial: Central America, South America"
2035-03-09,Annular,-29,-154.9,South Pacific Ocean,"2035-03-09:: Annular: New Zealand, Pacific; Partial: Australia, Mexico, Antarctica"
2035-09-02,Total,29.1,158,North Pacific Ocean,"2035-09-02:: Total: China, Korea, Japan, Pacific; Partial: east Asia, Pacific"
2036-02-27,Partial,-71.6,-131.4,Antarctic Ocean,"2036-02-27:: Partial: Antarctica, south Australia, New Zealand"
2036-07-23,Partial,-68.9,3.6,Antarctic Ocean,2036-07-23:: Partial: south Atlantic
2036-08-21,Partial,71.1,47,Arctic Ocean,"2036-08-21:: Partial: Alaska, Canada, Arctic, west Europe, northwest Africa"
2037-01-16,Partial,68.5,20.8,Europe,"2037-01-16:: Partial: north Africa, Europe, Mid East, west Asia"
2037-07-13,Total,-24.8,139.1,Australia,"2037-07-13:: Total: Australia, New Zealand; Partial: East Indies, Australia, Pacific"
2038-01-05,Annular,2.1,-25.4,North Atlantic Ocean,"2038-01-05:: Annular: Cuba, Dominican Republic, Cote d'Ivoire, Ghana, Niger, Chad, Egypt; Partial: east North America, north South America, Atlantic, Africa, Europe"
2038-07-02,Annular,25.4,-21.9,North Atlantic Ocean,"2038-07-02:: Annular: Colombia, Venezuela, Mauritania, Morocco, Mali, Niger, Chad, Sudan, Ethiopia, Kenya; Partial: North and Central America, South America, Africa, Europe, Mid East"
2038-12-26,Total,-40.3,164,South Pacific Ocean,"2038-12-26:: Total: Australia, New Zealand, south Pacific; Partial: southeast Asia, East Indies, Australia, New Zealand, south Pacific, Antarctica"
2039-06-21,Annular,78.9,-102.1,North America,"2039-06-21:: Annular: Alaska, north Canada, Norway, Sweden, Finland, Estonia, Russia; Partial: North America, west Europe"
2039-12-15,Total,-80.9,172.8,Antarctic Ocean,2039-12-15:: Total: Antarctica; Partial: south South America
2040-05-11,Partial,-62.8,174.4,Antarctic Ocean,"2040-05-11:: Partial: Australia, New Zealand, Antarctica"
2040-11-04,Partial,62.2,-53.4,North Atlantic Ocean,2040-11-04:: Partial: North and Central America
2041-04-30,Total,-9.6,12.2,South Atlantic Ocean,"2041-04-30:: Total: Angola, Republic of the Congo, Uganda, Kenya, Somalia; Partial: Brazil, Africa, Mid East"
2041-10-25,Annular,9.9,162.9,North Pacific Ocean,"2041-10-25:: Annular: Mongolia, China, Korea, Japan, Pacific; Partial: east Asia, Pacific"
2042-04-20,Total,27,137.3,North Pacific Ocean,"2042-04-20:: Total: Borneo, Indonesia, Philippines, north Pacific; Partial: east and southeast Asia, Australia, Pacific"
2042-10-14,Annular,-23.7,137.8,Australia,"2042-10-14:: Annular: Thailand, Malaysia, Borneo, Indonesia, Australia, New Zealand; Partial: south-east Asia, East Indies, south Pacific, Antarctica"
2043-04-09,Total,61.3,152,Asia,"2043-04-09:: Total: northeast Russia; Partial: north North America, northeast Asia"
2043-10-03,Annular,-61,35.3,Antarctic Ocean,"2043-10-03:: Annular: south Indian Ocean; Partial: Antarctica, southwest Australia, Indian Ocean"
2044-02-28,Annular,-62.2,-25.6,Antarctic Ocean,"2044-02-28:: Annular: south Atlantic; Partial: Antarctica, South America"
2044-08-23,Total,64.3,-120.4,North America,"2044-08-23:: Total: Greenland; Canada's Northwest Territories and Nunavut, Alberta, southwestern Saskatchewan; Montana, North Dakota; Partial: north Asia, western North America, Greenland"
2045-02-16,Annular,-28.3,-166.2,South Pacific Ocean,"2045-02-16:: Annular: New Zealand, Pacific; Partial: Australia, Hawaii"
2045-08-12,Total,25.9,-78.5,North Atlantic Ocean,"2045-08-12:: Total: south United States, Haiti, Dominican Republic, Venezuela, Guyana, French Guyana, Suriname, Brazil; Partial: North, Central and South America, western Africa"
2046-02-05,Annular,4.8,-171.4,North Pacific Ocean,"2046-02-05:: Annular: Papua New Guinea, Hawaii, California, Oregon, Idaho; Partial: Australia, western United States"
2046-08-02,Total,-12.7,15.2,Africa,"2046-08-02:: Total: Brazil, Angola, east Namibia, Botswana, South Africa, Swaziland, south Mozambique; Partial: Africa"
2047-01-26,Partial,62.9,111.7,Asia,"2047-01-26:: Partial: east Asia, Alaska"
2047-06-23,Partial,65.8,-178,Asia,"2047-06-23:: Partial: north Canada, Greenland, northeast Asia"
2047-07-22,Partial,-63.4,160.2,Antarctic Ocean,"2047-07-22:: Partial: southeast Australia, New Zealand"
2047-12-16,Partial,-66.4,-6.6,Antarctic Ocean,"2047-12-16:: Partial: Antarctica, south Chile, south Argentina"
2048-06-11,Annular,63.7,-11.5,North Atlantic Ocean,"2048-06-11:: Annular: midwest United States, Quebec, Ontario, Greenland, Iceland, Norway, Sweden, Russia, Afghanistan; Partial: North America, Caribbean, north Africa, Europe, west Asia"
2048-12-05,Total,-46.1,-56.4,South Atlantic Ocean,"2048-12-05:: Total: Chile, Argentina, Namibia, Botswana; Partial: south South America, southwest Africa"
2049-05-31,Annular,15.3,-29.9,North Atlantic Ocean,"2049-05-31:: Annular: Peru, Ecuador, Colombia, Venezuela, Guyana, Senegal, Mali, Burkina Faso, Ghana, Nigeria; Partial: southeast United States, Central America, South America, Africa, south Europe"
2049-11-25,Hybrid,-3.8,95.2,Indian Ocean,"2049-11-25:: Hybrid: Saudi Arabia, Yemen, Borneo, Indonesia; Partial: east Africa, south Asia, East Indies, Australia"
2050-05-20,Hybrid,-40.1,-123.7,South Pacific Ocean,"2050-05-20:: Hybrid: south Pacific; Partial: New Zealand, southwest South America"
2050-11-14,Partial,69.5,1,Arctic Ocean,"2050-11-14:: Partial: northeast United States, east Canada, north Africa, Europe"
2051-04-11,Partial,71.6,32.2,Arctic Ocean,"2051-04-11:: Partial: Asia, Alaska, Canada, Greenland"
2051-10-04,Partial,-72,117.7,Antarctica,"2051-10-04:: Partial: Antarctica, Australia, New Zealand"
2052-03-30,Total,22.4,-102.5,North America,"2052-03-30:: Total: central Pacific, Mexico, United States, central Atlantic; Partial: Central and North America, north South America"
2052-09-22,Annular,-25.7,175,South Pacific Ocean,"2052-09-22:: Annular: Australia, south Pacific; Partial: New Zealand, Antarctica, West Indies"
2053-03-20,Annular,-23,83,Indian Ocean,"2053-03-20:: Annular: central Indian Ocean, Indonesia; Partial: Africa, Indies, Australia, Antarctica"
2053-09-12,Total,21.5,41.7,Asia,"2053-09-12:: Total: Spain, Morocco, Algeria, Tunisia, Libya, Egypt, Saudi Arabia, Maldives, Indonesia; Partial: Greenland, Africa, Europe, Asia"
2054-03-09,Partial,-72,97.9,Antarctica,"2054-03-09:: Partial: Antarctica, South Africa, Madagascar, Chile"
2054-08-03,Partial,-69.8,-121.3,Antarctic Ocean,2054-08-03:: Partial: Antarctica
2054-09-02,Partial,71.7,-82.3,North America,"2054-09-02:: Partial: Asia, United States, Canada, Greenland"
2055-01-27,Partial,69.5,-112.2,North America,"2055-01-27:: Partial: Canada, United States, Mexico, Cuba"
2055-07-24,Total,-33.3,25.8,Africa,"2055-07-24:: Total: South Africa; Partial: Africa, Antarctica"
2056-01-16,Annular,3.9,-153.5,North Pacific Ocean,"2056-01-16:: Annular: central Pacific, Mexico; Partial: New Zealand, western North America"
2056-07-12,Annular,19.4,-123.7,North Pacific Ocean,"2056-07-12:: Annular: central Pacific, Colombia, Ecuador, Peru, Brazil; Partial: south North America, Central America, north South America"
2057-01-05,Total,-39.2,35.2,Indian Ocean,"2057-01-05:: Total: southern Atlantic, southern Indian Ocean; Partial: Africa, Antarctica, Australia"
2057-07-01,Annular,71.5,-176.2,Arctic Ocean,"2057-07-01:: Annular: China, Mongolia, Russia, Canada, United States; Partial: Asia, North America"
2057-12-26,Total,-84.9,21.8,Antarctica,2057-12-26:: Total: Antarctica; Partial: Australia
2058-05-22,Partial,-63.5,61.1,Antarctic Ocean,"2058-05-22:: Partial: South Africa, Madagascar"
2058-06-21,Partial,65.9,9.9,North Atlantic Ocean,"2058-06-21:: Partial: Russia, Greenland, Norway, Sweden, Finland"
2058-11-16,Partial,62.9,174.2,Asia,"2058-11-16:: Partial: Russia, China, Mongolia, Japan"
2059-05-11,Total,-10.7,-100.4,South Pacific Ocean,"2059-05-11:: Total: central Pacific, Ecuador, Peru, Brazil; Partial: North, Central and South America"
2059-11-05,Annular,8.7,47.1,Africa,"2059-11-05:: Annular: France, Libya, Egypt, Sudan, Ethiopia, Eritrea, Somalia, Indonesia; Partial: Africa, Europe, Asia"
2060-04-30,Total,28,20.9,Africa,"2060-04-30:: Total: Ivory Coast, Ghana, Togo, Benin, Nigeria, Niger, Chad, Libya, Egypt, Turkey, Kazakhstan, Russia; Partial: Africa, Asia"
2060-10-24,Annular,-25.8,28.1,Africa,"2060-10-24:: Annular: Guinea, Sierra Leone, Liberia, Ivory Coast, Angola, Namibia, Botswana, South Africa; Partial: Africa, Antarctica, South America"
2061-04-20,Total,64.5,59.2,Asia,"2061-04-20:: Total: Kazakhstan, Russia; Partial: Asia, Middle East, North America"
2061-10-13,Annular,-62.1,-54.4,Antarctic Ocean,"2061-10-13:: Annular: Antarctica, Argentina, Chile; Partial: South America"
2062-03-11,Partial,-61,-147.1,Antarctic Ocean,"2062-03-11:: Partial: Antarctica, Australia, New Zealand"
2062-09-03,Partial,61.3,150.3,Asia,"2062-09-03:: Partial: Greenland, Europe, Asia"
2063-02-28,Annular,-25.2,77.7,Indian Ocean,"2063-02-28:: Annular: Indian Ocean, Indonesia, Malaysia, Borneo, Mindanao, Philippines; Partial: Africa, Indies, southeast Asia, the rest of Philippines, Antarctica, Australia"
2063-08-24,Total,25.6,168.4,North Pacific Ocean,"2063-08-24:: Total: China, Mongolia, Japan, central Pacific; Partial: Asia, central Pacific"
2064-02-17,Annular,7,69.7,Indian Ocean,"2064-02-17:: Annular: Zaire, Zambia, Tanzania, India, Nepal, Bangladesh, Bhutan, China; Partial: Africa, Asia"
2064-08-12,Total,-10.9,-96,South Pacific Ocean,"2064-08-12:: Total: Central Pacific, Chile, Argentina; Partial: Americas, Antarctica"
2065-02-05,Partial,62.2,-21.9,North Atlantic Ocean,"2065-02-05:: Partial: North America, Europe, West Asia"
2065-07-03,Partial,64.8,71.9,Asia,"2065-07-03:: Partial: northern Europe, Russia"
2065-08-02,Partial,-62.7,46.5,Antarctic Ocean,"2065-08-02:: Partial: Antarctica, South Africa, Madagascar"
2065-12-27,Partial,-65.4,-149.2,Antarctic Ocean,"2065-12-27:: Partial: Chile, Argentina, Antarctica, Australia"
2066-06-22,Annular,70.1,-96.4,North America,"2066-06-22:: Annular: Russia, Alaska, Canada; Partial: North America, northern Europe, north Asia"
2066-12-17,Total,-47.4,175.8,South Pacific Ocean,"2066-12-17:: Total: Australia, New Zealand, south Pacific; Partial: Australia, Antarctica, New Zealand"
2067-06-11,Annular,21,-130.2,North Pacific Ocean,"2067-06-11:: Annular: central Pacific, Ecuador, Peru; Partial: Americas"
2067-12-06,Hybrid,-6,-32.4,South Atlantic Ocean,"2067-12-06:: Hybrid: Honduras, Nicaragua, Colombia, Venezuela, Guyana, Brazil, Nigeria, Cameroon, Chad, Sudan; Partial: Americas, Africa, south Europe"
2068-05-31,Total,-31,123.2,Australia,"2068-05-31:: Total: Australia, New Zealand; Partial: Indies, Australia, Antarctica"
2068-11-24,Partial,68.5,-131.1,North America,"2068-11-24:: Partial: North America, Russia"
2069-04-21,Partial,71,-101.3,Arctic Ocean,"2069-04-21:: Partial: Europe, Asia, north Africa, North America"
2069-05-20,Partial,-68.8,-69.9,Antarctic Ocean,"2069-05-20:: Partial: South America, Antarctica"
2069-10-15,Partial,-71.6,-5.5,Antarctica,2069-10-15:: Partial: Antarctica
2070-04-11,Total,29.1,135.1,North Pacific Ocean,"2070-04-11:: Total: Sri Lanka, Myanmar, Thailand, Laos, Vietnam, Philippines; Partial: Asia, Indies, Alaska, Canada"
2070-10-04,Annular,-32.8,60.4,Indian Ocean,"2070-10-04:: Annular: Angola, Zambia, Zimbabwe, Mozambique, Madagascar; Partial: Africa, Antarctica, Australia"
2071-03-31,Annular,-16.7,-37,South Atlantic Ocean,"2071-03-31:: Annular: Chile, Argentina, Paraguay, Brazil, Republic of the Congo, Zaire; Partial: South America, Africa, Antarctica"
2071-09-23,Total,14.2,-76.7,North Atlantic Ocean,"2071-09-23:: Total: Mexico, Colombia, Venezuela, Guyana, Suriname, French Guiana, Brazil; Partial: Americas, Africa"
2072-03-19,Partial,-72.2,-30.4,Antarctic Ocean,"2072-03-19:: Partial: Antarctica, South America"
2072-09-12,Total,69.8,102,Asia,"2072-09-12:: Total: Russia; Partial: Greenland, Europe, Asia"
2073-02-07,Partial,70.5,114.9,Asia,"2073-02-07:: Partial: Asia, Alaska"
2073-08-03,Total,-43.2,-89.4,South Pacific Ocean,"2073-08-03:: Total: Chile, Argentina; Partial: South America, Antarctica"
2074-01-27,Annular,6.6,78.8,Indian Ocean,"2074-01-27:: Annular: Sudan, Ethiopia, Somalia, Sri Lanka, Myanmar, Thailand, Laos, Vietnam, China, Japan; Partial: Africa, Asia, Indies"
2074-07-24,Annular,12.8,133.7,North Pacific Ocean,"2074-07-24:: Annular: Thailand, Cambodia, Vietnam, Philippines; Partial: Asia, Indies, Australia, New Zealand"
2075-01-16,Total,-37.2,-94.1,South Pacific Ocean,"2075-01-16:: Total: Chile, Argentina, Paraguay, Brazil; Partial: New Zealand, South America, Antarctica"
2075-07-13,Annular,63.1,95.2,Asia,"2075-07-13:: Annular: south Europe, Russia; Partial: Europe, Asia, Africa, north North America"
2076-01-06,Total,-87.2,-173.7,Antarctica,"2076-01-06:: Total: Antarctica; Partial: Australia, South America"
2076-06-01,Partial,-64.4,-51.2,Antarctic Ocean,"2076-06-01:: Partial: South America, Antarctica"
2076-07-01,Partial,67,-98.1,North America,"2076-07-01:: Partial: Russia, North America"
2076-11-26,Partial,63.7,40.1,Europe,"2076-11-26:: Partial: Africa, Europe, west Asia"
2077-05-22,Total,-13.1,148.3,South Pacific Ocean,"2077-05-22:: Total: Australia; Partial: Indies, Australia, New Zealand, Antarctica"
2077-11-15,Annular,7.8,-70.8,South America,"2077-11-15:: Annular: United States, Caribbean, Colombia, Venezuela, Brazil, Guyana, Suriname, French Guiana; Partial: Americas"
2078-05-11,Total,28.1,-93.7,North Atlantic Ocean,"2078-05-11:: Total: Mexico, United States; Partial: Americas"
2078-11-04,Annular,-27.8,-83.3,South Pacific Ocean,"2078-11-04:: Annular: Chile, Argentina; Partial: Americas, Antarctica"
2079-05-01,Total,66.2,-46.3,North America,"2079-05-01:: Total: United States, Canada, Greenland; Partial: west Americas, Europe, Africa, Asia"
2079-10-24,Annular,-63.4,-160.6,Antarctic Ocean,"2079-10-24:: Annular: Antarctica, New Zealand; Partial: South America"
2080-03-21,Partial,-60.9,85.9,Antarctic Ocean,"2080-03-21:: Partial: Antarctica, Africa"
2080-09-13,Partial,61.1,25.8,Europe,"2080-09-13:: Partial: North America, Europe, Africa"
2081-03-10,Annular,-22.4,-36.7,South Atlantic Ocean,"2081-03-10:: Annular: Chile, Argentina, Ivory Coast, Ghana, Togo, Benin, Nigeria, Cameroon; Partial: South America, Africa, Antarctica"
2081-09-03,Total,24.6,53.6,Indian Ocean,"2081-09-03:: Total: Central Europe, France, Switzerland, Austria, Slovenia, Hungary, Croatia, Serbia, Romania, Greece, Bulgaria, Turkey, Syria, Iraq, Kuwait, Qatar, UAE, Saudi Arabia, Oman; Partial: Africa, Europe, Asia"
2082-02-27,Annular,9.4,-47.1,North Atlantic Ocean,"2082-02-27:: Annular: Peru, Brazil, Suriname, French Guiana, Portugal, Spain, France, Italy, Germany, Austria; Partial: Americas, Europe, Africa"
2082-08-24,Total,-10.3,151.8,South Pacific Ocean,"2082-08-24:: Total: Indonesia, New Guinea, South Pacific; Partial: Indies, Australia, Antarctica, New Zealand"
2083-02-16,Partial,61.6,-154.1,North America,"2083-02-16:: Partial: Mexico, United States, Canada"
2083-07-15,Partial,64,-37.7,North Atlantic Ocean,2083-07-15:: Partial: Greenland
2083-08-13,Partial,-62.1,-67.5,Antarctic Ocean,"2083-08-13:: Partial: South America, Antarctica"
2084-01-07,Partial,-64.4,68.5,Antarctic Ocean,"2084-01-07:: Partial: Antarctica, South America"
2084-07-03,Annular,75,-169.1,Arctic Ocean,"2084-07-03:: Annular: Russia, United States, Canada; Partial: northern Europe, Asia, North America"
2084-12-27,Total,-47.3,47.7,Indian Ocean,"2084-12-27:: Total: South Atlantic, Indian Ocean; Partial: Africa, Antarctica, Australia"
2085-06-22,Annular,26.2,131.3,North Pacific Ocean,"2085-06-22:: Annular: India, Myanmar, China, central Pacific; Partial: Asia, Indies, Australia"
2085-12-16,Annular,-7.3,-160.8,South Pacific Ocean,"2085-12-16:: Annular: central Pacific; Partial: Australia, North America"
2086-06-11,Total,-23.2,12.5,South Atlantic Ocean,"2086-06-11:: Total: Namibia, Botswana, South Africa; Partial: South America, Africa"
2086-12-06,Partial,67.4,96.2,Asia,2086-12-06:: Partial: Asia
2087-05-02,Partial,70.3,127.6,Asia,"2087-05-02:: Partial: north Europe, north Asia, North America"
2087-06-01,Partial,-67.8,165.4,Antarctic Ocean,2087-06-01:: Partial: New Zealand
2087-10-26,Partial,-71,-130.5,Antarctic Ocean,"2087-10-26:: Partial: South America, Antarctica"
2088-04-21,Total,36,15.1,North Atlantic Ocean,"2088-04-21:: Total: Mauritania, western Sahara, Mali, Algeria, Tunisia, Greece, Turkey, Russia, Kazakhstan, China; Partial: North America, Africa, Europe, Asia"
2088-10-14,Annular,-39.7,-56,South Atlantic Ocean,"2088-10-14:: Annular: Chile, Argentina; Partial: South America, Antarctica, Africa"
2089-04-10,Annular,-10.2,-154.8,South Pacific Ocean,"2089-04-10:: Annular: Australia, central Pacific; Partial: Antarctica, North America"
2089-10-04,Total,7.4,162.8,North Pacific Ocean,"2089-10-04:: Total: China, Central Pacific; Partial: Asia, Indies, Australia"
2090-03-31,Partial,-72.1,-156.3,Antarctic Ocean,"2090-03-31:: Partial: Antarctica, Australia, New Zealand"
2090-09-23,Total,60.7,-40.5,North Atlantic Ocean,"2090-09-23:: Total: Canada, Greenland, United Kingdom, France; Partial: North America, Europe, Africa, north Asia"
2091-02-18,Partial,71.2,-17.8,Arctic Ocean,"2091-02-18:: Partal: North Africa, Europe, Asia"
2091-08-15,Total,-55.6,150.5,South Pacific Ocean,"2091-08-15:: Total: southern Antarctic Ocean, near Antarctica; Partial: Australia, Antarctica, New Zealand"
2092-02-07,Annular,9.9,-48.7,North Atlantic Ocean,"2092-02-07:: Annular: Panama, Colombia, Venezuela, Guyana, Morocco, Algeria; Partial: Americas, Europe, Africa"
2092-08-03,Annular,5.6,30.3,Africa,"2092-08-03:: Annular: Liberia, Ivory Coast, Ghana, Togo, Benin, Nigeria, Cameroon, Chad, Central African Republic, Sudan, Kenya, Somalia; Partial: Africa"
2093-01-27,Total,-34.1,136.4,Indian Ocean,"2093-01-27:: Total: Australia; Partial: Indies, Australia, Antarctica, New Zealand"
2093-07-23,Annular,54.6,1.3,North Atlantic Ocean,"2093-07-23:: Annular: United States, Canada, Central Europe, Turkey, Iraq, Iran, Afghanistan, Pakistan; Partial: Americas, Europe, Africa, Asia"
2094-01-16,Total,-84.8,-10.6,Antarctica,"2094-01-16:: Total: Antarctica; Partial: South America, Antarctica, New Zealand"
2094-06-13,Partial,-65.3,-163.6,Antarctic Ocean,"2094-06-13:: Partial: southern Antarctic Ocean, near Antarctica"
2094-07-12,Partial,68,152.8,Asia,"2094-07-12:: Partial: North America, Asia"
2094-12-07,Partial,64.7,-95,North America,2094-12-07:: Partial: North America
2095-06-02,Total,-16.7,37.2,Africa,"2095-06-02:: Total: Namibia, South Africa, Botswana, Zambia, Mozambique, Madagascar; Partial: Africa"
2095-11-27,Annular,7.2,169.8,North Pacific Ocean,"2095-11-27:: Annular: China, Korea, Japan, central Pacific; Partial: Asia, Indies, Australia"
2096-05-22,Total,27.3,153.4,North Pacific Ocean,"2096-05-22:: Total: Indonesia, Central Pacific, Philippines; Partial: Asia, Indies, Australia, North America"
2096-11-15,Annular,-29.7,163.3,South Pacific Ocean,"2096-11-15:: Annular: Malaysia, Borneo, Indonesia, New Guinea, Australia, New Zealand; Partial: Indies, Antarctica"
2097-05-11,Total,67.4,-149.5,North America,"2097-05-11:: Total: Alaska, Russia; Partial: Asia, North America, northern Europe"
2097-11-04,Annular,-65.8,86.8,Antarctic Ocean,2097-11-04:: Annular: Antarctica; Partial: Australia
2098-04-01,Partial,-61,-38.1,Antarctic Ocean,"2098-04-01:: Partial: Antarctica, South America"
2098-09-25,Partial,61.1,-101,North America,"2098-09-25:: Partial: Asia, North America"
2098-10-24,Partial,-61.8,-95.5,Antarctic Ocean,"2098-10-24:: Partial: southern Antarctic Ocean, near Antarctica"
2099-03-21,Annular,-20,-149,South Pacific Ocean,"2099-03-21:: Annular: central Pacific; Partial: Australia, New Zealand, Antarctica, North America"
2099-09-14,Total,23.4,-62.8,North Atlantic Ocean,"2099-09-14:: Total: Canada, United States, central Atlantic; Partial: Americas, Africa"
2100-03-10,Annular,12,-162.4,North Pacific Ocean,"2100-03-10:: Annular: central Pacific, Hawaii, Northwestern United States; Partial: Australia, North America"
2100-09-04,Total,-10.5,39,Africa,"2100-09-04:: Total: central Africa, Madagascar; Partial: Africa, Antarctica"
